,Reaction Energy (kJ/mol),H2O Energy (kJ/mol),H2 Energy (kJ/mol),O2 Energy (kJ/mol),Error (%)
0.2,305.23980665299314,-45119.80567624666,-3084.4960561778366,-83460.13962683166,6.79213922486195
0.16,286.90775374521763,-45041.35770303788,-3062.982341154777,-83382.93521627577,0.37843071196704436
0.14,291.62282500937727,-45062.321306835984,-3062.1512345182296,-83417.09449461676,2.0280600719728774
0.12,282.32833679640316,-45050.52851814056,-3061.739497363681,-83412.92136796095,-1.2237382113098954
