,Reaction Energy (kJ/mol),H2O Energy (kJ/mol),H2 Energy (kJ/mol),O2 Energy (kJ/mol),Error (%)
0.2,3.163587641084405,-467.63382918722175,-31.96854862836179,-865.0033858355511,6.792139224860098
0.16,2.973589302890332,-466.8207732452962,-31.745574686309276,-864.2032185121932,0.37843071196477507
0.14,3.022457572536041,-467.0380456863172,-31.736960873082772,-864.5572544813969,2.0280600719700175
0.12,2.9261269911378918,-466.91582204524025,-31.732693518219104,-864.5140030717665,-1.2237382113095958
