,Reaction Energy,H2O Total,H2 Total,O2 Total
0.2,3.1635710829560253,-467.633826384449,-31.968548737207332,-865.0034131285712
0.16,2.973586891961588,-466.820786197916,-31.745574675424727,-864.2032492610593
0.14,3.0224862560580164,-467.0380464754474,-31.73696091117871,-864.5571986164214
0.12,2.9261094261882477,-466.9158283310705,-31.732693436584945,-864.5140509365946
